{"cameraMode":{"drawMode":0,"name":"Shaded","section":"Shading Mode"},"sceneLighting":true,"audioPlay":false,"sceneViewState":{"showFog":true,"showMaterialUpdate":true,"showSkybox":true,"showFlares":true,"showImageEffects":true,"showParticleSystems":true},"in2DMode":false,"pivot":{"x":386.0216369628906,"y":445.81195068359377,"z":53.40594482421875},"rotation":{"x":0.03929734230041504,"y":-0.01167998556047678,"z":0.000459428527392447,"w":0.9991592168807983},"size":998.8958740234375,"orthographic":false}