{"cameraMode":{"drawMode":0,"name":"Shaded","section":"Shading Mode"},"sceneLighting":true,"audioPlay":false,"sceneViewState":{"showFog":true,"showMaterialUpdate":true,"showSkybox":true,"showFlares":true,"showImageEffects":true,"showParticleSystems":true},"in2DMode":false,"pivot":{"x":239.9709930419922,"y":92.85214233398438,"z":-9.660797119140625},"rotation":{"x":0.03627409040927887,"y":0.03927462175488472,"z":-0.0014266452053561807,"w":0.9985688328742981},"size":391.7845153808594,"orthographic":false}