{"cameraMode":{"drawMode":0,"name":"Shaded","section":"Shading Mode"},"sceneLighting":false,"audioPlay":false,"sceneViewState":{"showFog":true,"showMaterialUpdate":true,"showSkybox":true,"showFlares":true,"showImageEffects":true,"showParticleSystems":true},"in2DMode":false,"pivot":{"x":0.0019454916473478079,"y":0.5065587759017944,"z":0.0022098792251199486},"rotation":{"x":-0.07012481242418289,"y":0.01377563364803791,"z":0.0009684154647402465,"w":0.9974426627159119},"size":1.6716722249984742,"orthographic":true}