{"cameraMode":{"drawMode":0,"name":"Shaded","section":"Shading Mode"},"sceneLighting":true,"audioPlay":false,"sceneViewState":{"showFog":true,"showMaterialUpdate":true,"showSkybox":true,"showFlares":true,"showImageEffects":true,"showParticleSystems":true},"in2DMode":false,"pivot":{"x":442.74261474609377,"y":327.675537109375,"z":62.6407470703125},"rotation":{"x":0.05424286797642708,"y":-0.038622625172138217,"z":0.0020997128449380399,"w":0.9977783560752869},"size":915.9700927734375,"orthographic":false}