{"cameraMode":{"drawMode":0,"name":"Shaded","section":"Shading Mode"},"sceneLighting":true,"audioPlay":false,"sceneViewState":{"showFog":true,"showMaterialUpdate":true,"showSkybox":true,"showFlares":true,"showImageEffects":true,"showParticleSystems":true},"in2DMode":false,"pivot":{"x":735.8841552734375,"y":321.3460998535156,"z":-4.5477294921875},"rotation":{"x":0.049786198884248736,"y":-0.011674532666802407,"z":0.0005820373771712184,"w":0.9986914992332459},"size":678.035888671875,"orthographic":false}