{"cameraMode":{"drawMode":0,"name":"Shaded","section":"Shading Mode"},"sceneLighting":false,"audioPlay":false,"sceneViewState":{"showFog":true,"showMaterialUpdate":true,"showSkybox":true,"showFlares":true,"showImageEffects":true,"showParticleSystems":true},"in2DMode":false,"pivot":{"x":-2.0174560546875,"y":28.546875,"z":-46.36328125},"rotation":{"x":0.28864407539367678,"y":0.0017330949194729329,"z":-0.000522513990290463,"w":0.9574347734451294},"size":7.747422218322754,"orthographic":true}