{"cameraMode":{"drawMode":0,"name":"Shaded","section":"Shading Mode"},"sceneLighting":true,"audioPlay":false,"sceneViewState":{"showFog":true,"showMaterialUpdate":true,"showSkybox":true,"showFlares":true,"showImageEffects":true,"showParticleSystems":true},"in2DMode":false,"pivot":{"x":0.6116867661476135,"y":2.039897918701172,"z":21.255863189697267},"rotation":{"x":0.033304449170827869,"y":0.0003102854825556278,"z":-0.000010293271770933643,"w":0.9994452595710754},"size":35.35512924194336,"orthographic":false}