{"cameraMode":{"drawMode":0,"name":"Shaded","section":"Shading Mode"},"sceneLighting":true,"audioPlay":false,"sceneViewState":{"showFog":true,"showMaterialUpdate":true,"showSkybox":true,"showFlares":true,"showImageEffects":true,"showParticleSystems":true},"in2DMode":false,"pivot":{"x":-38.12760925292969,"y":-266.0722961425781,"z":-214.89903259277345},"rotation":{"x":0.037608057260513309,"y":-0.8994448781013489,"z":0.42818647623062136,"w":0.07899948209524155},"size":425.6227111816406,"orthographic":false}