{"cameraMode":{"drawMode":0,"name":"Shaded","section":"Shading Mode"},"sceneLighting":true,"audioPlay":false,"sceneViewState":{"showFog":true,"showMaterialUpdate":true,"showSkybox":true,"showFlares":true,"showImageEffects":true,"showParticleSystems":true},"in2DMode":false,"pivot":{"x":0.06567388772964478,"y":0.8495817184448242,"z":21.27476692199707},"rotation":{"x":0.058775894343853,"y":0.003304696176201105,"z":-0.000194548221770674,"w":0.9982657432556152},"size":52.041343688964847,"orthographic":false}