{"cameraMode":{"drawMode":0,"name":"Shaded","section":"Shading Mode"},"sceneLighting":true,"audioPlay":false,"sceneViewState":{"showFog":true,"showMaterialUpdate":true,"showSkybox":true,"showFlares":true,"showImageEffects":true,"showParticleSystems":true},"in2DMode":false,"pivot":{"x":594.5845947265625,"y":469.1208190917969,"z":-85.1412353515625},"rotation":{"x":0.003310116473585367,"y":0.004810664337128401,"z":-0.0000158788407134125,"w":0.9999829530715942},"size":812.3875122070313,"orthographic":false}