{"cameraMode":{"drawMode":0,"name":"Shaded","section":"Shading Mode"},"sceneLighting":true,"audioPlay":false,"sceneViewState":{"showFog":true,"showMaterialUpdate":true,"showSkybox":true,"showFlares":true,"showImageEffects":true,"showParticleSystems":true},"in2DMode":false,"pivot":{"x":467.0370788574219,"y":508.2281494140625,"z":54.73992919921875},"rotation":{"x":0.033304449170827869,"y":0.0003102854825556278,"z":-0.000010293271770933643,"w":0.9994452595710754},"size":996.237060546875,"orthographic":false}