{"cameraMode":{"drawMode":0,"name":"Shaded","section":"Shading Mode"},"sceneLighting":false,"audioPlay":false,"sceneViewState":{"showFog":true,"showMaterialUpdate":true,"showSkybox":true,"showFlares":true,"showImageEffects":true,"showParticleSystems":true},"in2DMode":false,"pivot":{"x":-0.0021991718094795944,"y":0.45160990953445437,"z":0.0008622550521977246},"rotation":{"x":0.03907983377575874,"y":0.9374300837516785,"z":-0.11190400272607804,"w":0.327376127243042},"size":1.490333080291748,"orthographic":true}