{"cameraMode":{"drawMode":0,"name":"Shaded","section":"Shading Mode"},"sceneLighting":true,"audioPlay":false,"sceneViewState":{"showFog":true,"showMaterialUpdate":true,"showSkybox":true,"showFlares":true,"showImageEffects":true,"showParticleSystems":true},"in2DMode":false,"pivot":{"x":396.7359313964844,"y":271.0271301269531,"z":-0.29412841796875},"rotation":{"x":0.0033101490698754789,"y":0.0018106945790350438,"z":-0.000005948431407887256,"w":0.9999929070472717},"size":616.0128784179688,"orthographic":false}