{"cameraMode":{"drawMode":0,"name":"Shaded","section":"Shading Mode"},"sceneLighting":true,"audioPlay":false,"sceneViewState":{"showFog":true,"showMaterialUpdate":true,"showSkybox":true,"showFlares":true,"showImageEffects":true,"showParticleSystems":true},"in2DMode":false,"pivot":{"x":491.8250732421875,"y":335.87457275390627,"z":65.97308349609375},"rotation":{"x":0.049786198884248736,"y":-0.011674532666802407,"z":0.0005820373771712184,"w":0.9986914992332459},"size":805.9221801757813,"orthographic":false}