{"cameraMode":{"drawMode":0,"name":"Shaded","section":"Shading Mode"},"sceneLighting":true,"audioPlay":false,"sceneViewState":{"showFog":true,"showMaterialUpdate":true,"showSkybox":true,"showFlares":true,"showImageEffects":true,"showParticleSystems":true},"in2DMode":false,"pivot":{"x":-0.8166786432266235,"y":1.0457775592803956,"z":20.98456573486328},"rotation":{"x":0.049786198884248736,"y":-0.011674532666802407,"z":0.0005820373771712184,"w":0.9986914992332459},"size":37.19547653198242,"orthographic":false}