{"cameraMode":{"drawMode":0,"name":"Shaded","section":"Shading Mode"},"sceneLighting":true,"audioPlay":false,"sceneViewState":{"showFog":true,"showMaterialUpdate":true,"showSkybox":true,"showFlares":true,"showImageEffects":true,"showParticleSystems":true},"in2DMode":false,"pivot":{"x":-0.6470161080360413,"y":3.819153070449829,"z":21.375158309936525},"rotation":{"x":0.033304449170827869,"y":0.0003102854825556278,"z":-0.000010293271770933643,"w":0.9994452595710754},"size":43.703128814697269,"orthographic":false}