{"cameraMode":{"drawMode":0,"name":"Shaded","section":"Shading Mode"},"sceneLighting":true,"audioPlay":false,"sceneViewState":{"showFog":true,"showMaterialUpdate":true,"showSkybox":true,"showFlares":true,"showImageEffects":true,"showParticleSystems":true},"in2DMode":false,"pivot":{"x":468.2563781738281,"y":378.6176452636719,"z":0.160888671875},"rotation":{"x":0.0033101490698754789,"y":0.0018106945790350438,"z":-0.000005948431407887256,"w":0.9999929070472717},"size":767.6641235351563,"orthographic":false}