{"cameraMode":{"drawMode":0,"name":"Shaded","section":"Shading Mode"},"sceneLighting":true,"audioPlay":false,"sceneViewState":{"showFog":true,"showMaterialUpdate":true,"showSkybox":true,"showFlares":true,"showImageEffects":true,"showParticleSystems":true},"in2DMode":false,"pivot":{"x":0.32125407457351687,"y":-15.622961044311524,"z":3.075669050216675},"rotation":{"x":0.6827508211135864,"y":0.045057620853185657,"z":-0.04225492849946022,"w":0.728035569190979},"size":42.59114456176758,"orthographic":false}