{"cameraMode":{"drawMode":0,"name":"Shaded","section":"Shading Mode"},"sceneLighting":true,"audioPlay":false,"sceneViewState":{"showFog":true,"showMaterialUpdate":true,"showSkybox":true,"showFlares":true,"showImageEffects":true,"showParticleSystems":true},"in2DMode":false,"pivot":{"x":-1.100494146347046,"y":-1.5843911170959473,"z":20.875823974609376},"rotation":{"x":0.06475463509559632,"y":-0.017651516944169999,"z":0.001145627349615097,"w":0.9977444410324097},"size":35.73594284057617,"orthographic":false}